"TIME","GEO","INDIC_DE","Value"
"1990","European Union - 27 countries (from 2020)","Population on 1 January - total","418 030 739"
"1990","European Union - 28 countries (2013-2020)","Population on 1 January - total","475 187 711"
"1990","Belgium","Population on 1 January - total","9 947 782"
"1990","Bulgaria","Population on 1 January - total","8 767 308"
"1990","Czechia","Population on 1 January - total","10 362 102"
"1990","Denmark","Population on 1 January - total","5 135 409"
"1990","Germany including former GDR","Population on 1 January - total","79 112 831"
"1990","Estonia","Population on 1 January - total","1 570 599"
"1990","Ireland","Population on 1 January - total","3 506 970"
"1990","Greece","Population on 1 January - total","10 120 892"
"1990","Spain","Population on 1 January - total","38 853 227"
"1990","France","Population on 1 January - total","58 029 398"
"1990","Croatia","Population on 1 January - total","4 772 556"
"1990","Italy","Population on 1 January - total","56 694 360"
"1990","Cyprus","Population on 1 January - total","572 655"
"1990","Latvia","Population on 1 January - total","2 668 140"
"1990","Lithuania","Population on 1 January - total","3 693 708"
"1990","Luxembourg","Population on 1 January - total","379 300"
"1990","Hungary","Population on 1 January - total","10 374 823"
"1990","Malta","Population on 1 January - total","352 430"
"1990","Netherlands","Population on 1 January - total","14 892 574"
"1990","Austria","Population on 1 January - total","7 644 818"
"1990","Poland","Population on 1 January - total","38 038 403"
"1990","Portugal","Population on 1 January - total","9 995 995"
"1990","Romania","Population on 1 January - total","23 211 395"
"1990","Slovenia","Population on 1 January - total","1 996 377"
"1990","Slovakia","Population on 1 January - total","5 287 663"
"1990","Finland","Population on 1 January - total","4 974 383"
"1990","Sweden","Population on 1 January - total","8 527 039"
"1990","United Kingdom","Population on 1 January - total","57 156 972"
"1990","Iceland","Population on 1 January - total","253 785"
"1990","Liechtenstein","Population on 1 January - total","28 452"
"1990","Norway","Population on 1 January - total","4 233 116"
"1990","Switzerland","Population on 1 January - total","6 673 850"
"1991","European Union - 27 countries (from 2020)","Population on 1 January - total","419 504 036"
"1991","European Union - 28 countries (2013-2020)","Population on 1 January - total","476 842 235"
"1991","Belgium","Population on 1 January - total","9 986 975"
"1991","Bulgaria","Population on 1 January - total","8 669 269"
"1991","Czechia","Population on 1 January - total","10 304 607"
"1991","Denmark","Population on 1 January - total","5 146 469"
"1991","Germany including former GDR","Population on 1 January - total","79 753 227"
"1991","Estonia","Population on 1 January - total","1 567 749"
"1991","Ireland","Population on 1 January - total","3 520 977"
"1991","Greece","Population on 1 January - total","10 272 691"
"1991","Spain","Population on 1 January - total","38 881 416"
"1991","France","Population on 1 January - total","58 313 439"
"1991","Croatia","Population on 1 January - total","4 782 179"
"1991","Italy","Population on 1 January - total","56 744 119"
"1991","Cyprus","Population on 1 January - total","587 141"
"1991","Latvia","Population on 1 January - total","2 658 161"
"1991","Lithuania","Population on 1 January - total","3 701 968"
"1991","Luxembourg","Population on 1 January - total","384 400"
"1991","Hungary","Population on 1 January - total","10 373 153"
"1991","Malta","Population on 1 January - total","361 908"
"1991","Netherlands","Population on 1 January - total","15 010 445"
"1991","Austria","Population on 1 January - total","7 710 882"
"1991","Poland","Population on 1 January - total","38 183 160"
"1991","Portugal","Population on 1 January - total","9 970 441"
"1991","Romania","Population on 1 January - total","23 192 274"
"1991","Slovenia","Population on 1 January - total","1 999 945"
"1991","Slovakia","Population on 1 January - total","5 310 711"
"1991","Finland","Population on 1 January - total","4 998 478"
"1991","Sweden","Population on 1 January - total","8 590 630"
"1991","United Kingdom","Population on 1 January - total","57 338 199"
"1991","Iceland","Population on 1 January - total","255 866"
"1991","Liechtenstein","Population on 1 January - total","29 032"
"1991","Norway","Population on 1 January - total","4 249 830"
"1991","Switzerland","Population on 1 January - total","6 757 188"
"1992","European Union - 27 countries (from 2020)","Population on 1 January - total","420 413 536"
"1992","European Union - 28 countries (2013-2020)","Population on 1 January - total","477 925 130"
"1992","Belgium","Population on 1 January - total","10 021 997"
"1992","Bulgaria","Population on 1 January - total","8 595 465"
"1992","Czechia","Population on 1 January - total","10 312 548"
"1992","Denmark","Population on 1 January - total","5 162 126"
"1992","Germany including former GDR","Population on 1 January - total","80 274 564"
"1992","Estonia","Population on 1 January - total","1 554 878"
"1992","Ireland","Population on 1 January - total","3 547 492"
"1992","Greece","Population on 1 January - total","10 367 163"
"1992","Spain","Population on 1 January - total","39 051 336"
"1992","France","Population on 1 January - total","58 604 851"
"1992","Croatia","Population on 1 January - total","4 595 865"
"1992","Italy","Population on 1 January - total","56 772 923"
"1992","Cyprus","Population on 1 January - total","603 069"
"1992","Latvia","Population on 1 January - total","2 643 000"
"1992","Lithuania","Population on 1 January - total","3 706 299"
"1992","Luxembourg","Population on 1 January - total","389 600"
"1992","Hungary","Population on 1 January - total","10 373 647"
"1992","Malta","Population on 1 January - total","365 781"
"1992","Netherlands","Population on 1 January - total","15 129 150"
"1992","Austria","Population on 1 January - total","7 798 899"
"1992","Poland","Population on 1 January - total","38 309 226"
"1992","Portugal","Population on 1 January - total","9 950 029"
"1992","Romania","Population on 1 January - total","22 810 035"
"1992","Slovenia","Population on 1 January - total","1 998 912"
"1992","Slovakia","Population on 1 January - total","5 295 877"
"1992","Finland","Population on 1 January - total","5 029 002"
"1992","Sweden","Population on 1 January - total","8 644 120"
"1992","United Kingdom","Population on 1 January - total","57 511 594"
"1992","Iceland","Population on 1 January - total","259 727"
"1992","Liechtenstein","Population on 1 January - total","29 386"
"1992","Norway","Population on 1 January - total","4 273 634"
"1992","Switzerland","Population on 1 January - total","6 842 768"
"1993","European Union - 27 countries (from 2020)","Population on 1 January - total","421 912 578"
"1993","European Union - 28 countries (2013-2020)","Population on 1 January - total","479 561 788"
"1993","Belgium","Population on 1 January - total","10 068 319"
"1993","Bulgaria","Population on 1 January - total","8 484 863"
"1993","Czechia","Population on 1 January - total","10 325 697"
"1993","Denmark","Population on 1 January - total","5 180 614"
"1993","Germany including former GDR","Population on 1 January - total","80 974 632"
"1993","Estonia","Population on 1 January - total","1 511 303"
"1993","Ireland","Population on 1 January - total","3 569 367"
"1993","Greece","Population on 1 January - total","10 430 958"
"1993","Spain","Population on 1 January - total","39 264 034"
"1993","France","Population on 1 January - total","58 885 929"
"1993","Croatia","Population on 1 January - total","4 555 771"
"1993","Italy","Population on 1 January - total","56 821 250"
"1993","Cyprus","Population on 1 January - total","619 231"
"1993","Latvia","Population on 1 January - total","2 585 675"
"1993","Lithuania","Population on 1 January - total","3 693 929"
"1993","Luxembourg","Population on 1 January - total","394 750"
"1993","Hungary","Population on 1 January - total","10 365 035"
"1993","Malta","Population on 1 January - total","369 455"
"1993","Netherlands","Population on 1 January - total","15 239 182"
"1993","Austria","Population on 1 January - total","7 882 519"
"1993","Poland","Population on 1 January - total","38 418 108"
"1993","Portugal","Population on 1 January - total","9 954 958"
"1993","Romania","Population on 1 January - total","22 778 533"
"1993","Slovenia","Population on 1 January - total","1 994 084"
"1993","Slovakia","Population on 1 January - total","5 314 155"
"1993","Finland","Population on 1 January - total","5 054 982"
"1993","Sweden","Population on 1 January - total","8 692 013"
"1993","United Kingdom","Population on 1 January - total","57 649 210"
"1993","Iceland","Population on 1 January - total","262 386"
"1993","Liechtenstein","Population on 1 January - total","29 868"
"1993","Norway","Population on 1 January - total","4 299 167"
"1993","Switzerland","Population on 1 January - total","6 907 959"
"1994","European Union - 27 countries (from 2020)","Population on 1 January - total","423 104 986"
"1994","European Union - 28 countries (2013-2020)","Population on 1 January - total","480 893 003"
"1994","Belgium","Population on 1 January - total","10 100 631"
"1994","Bulgaria","Population on 1 January - total","8 459 763"
"1994","Czechia","Population on 1 January - total","10 334 013"
"1994","Denmark","Population on 1 January - total","5 196 642"
"1994","Germany including former GDR","Population on 1 January - total","81 338 093"
"1994","Estonia","Population on 1 January - total","1 476 952"
"1994","Ireland","Population on 1 January - total","3 583 154"
"1994","Greece","Population on 1 January - total","10 489 871"
"1994","Spain","Population on 1 January - total","39 458 489"
"1994","France","Population on 1 January - total","59 104 320"
"1994","Croatia","Population on 1 January - total","4 645 155"
"1994","Italy","Population on 1 January - total","56 842 392"
"1994","Cyprus","Population on 1 January - total","632 944"
"1994","Latvia","Population on 1 January - total","2 540 904"
"1994","Lithuania","Population on 1 January - total","3 671 296"
"1994","Luxembourg","Population on 1 January - total","400 200"
"1994","Hungary","Population on 1 January - total","10 350 010"
"1994","Malta","Population on 1 January - total","373 161"
"1994","Netherlands","Population on 1 January - total","15 341 553"
"1994","Austria","Population on 1 January - total","7 928 746"
"1994","Poland","Population on 1 January - total","38 504 707"
"1994","Portugal","Population on 1 January - total","9 974 391"
"1994","Romania","Population on 1 January - total","22 748 027"
"1994","Slovenia","Population on 1 January - total","1 989 408"
"1994","Slovakia","Population on 1 January - total","5 336 455"
"1994","Finland","Population on 1 January - total","5 077 912"
"1994","Sweden","Population on 1 January - total","8 745 109"
"1994","United Kingdom","Population on 1 January - total","57 788 017"
"1994","Iceland","Population on 1 January - total","265 064"
"1994","Liechtenstein","Population on 1 January - total","30 310"
"1994","Norway","Population on 1 January - total","4 324 815"
"1994","Switzerland","Population on 1 January - total","6 968 570"
"1995","European Union - 27 countries (from 2020)","Population on 1 January - total","423 960 534"
"1995","European Union - 28 countries (2013-2020)","Population on 1 January - total","481 904 006"
"1995","Belgium","Population on 1 January - total","10 130 574"
"1995","Bulgaria","Population on 1 January - total","8 427 418"
"1995","Czechia","Population on 1 January - total","10 333 161"
"1995","Denmark","Population on 1 January - total","5 215 718"
"1995","Germany including former GDR","Population on 1 January - total","81 538 603"
"1995","Estonia","Population on 1 January - total","1 448 075"
"1995","Ireland","Population on 1 January - total","3 597 617"
"1995","Greece","Population on 1 January - total","10 535 973"
"1995","Spain","Population on 1 January - total","39 639 726"
"1995","France","Population on 1 January - total","59 315 139"
"1995","Croatia","Population on 1 January - total","4 658 893"
"1995","Italy","Population on 1 January - total","56 844 408"
"1995","Cyprus","Population on 1 January - total","645 399"
"1995","Latvia","Population on 1 January - total","2 500 580"
"1995","Lithuania","Population on 1 January - total","3 642 991"
"1995","Luxembourg","Population on 1 January - total","405 650"
"1995","Hungary","Population on 1 January - total","10 336 700"
"1995","Malta","Population on 1 January - total","376 433"
"1995","Netherlands","Population on 1 January - total","15 424 122"
"1995","Austria","Population on 1 January - total","7 943 489"
"1995","Poland","Population on 1 January - total","38 580 597"
"1995","Portugal","Population on 1 January - total","10 008 659"
"1995","Romania","Population on 1 January - total","22 712 394"
"1995","Slovenia","Population on 1 January - total","1 989 477"
"1995","Slovakia","Population on 1 January - total","5 356 207"
"1995","Finland","Population on 1 January - total","5 098 754"
"1995","Sweden","Population on 1 January - total","8 816 381"
"1995","United Kingdom","Population on 1 January - total","57 943 472"
"1995","Iceland","Population on 1 January - total","266 978"
"1995","Liechtenstein","Population on 1 January - total","30 629"
"1995","Norway","Population on 1 January - total","4 348 410"
"1995","Switzerland","Population on 1 January - total","7 019 019"
"1996","European Union - 27 countries (from 2020)","Population on 1 January - total","424 641 798"
"1996","European Union - 28 countries (2013-2020)","Population on 1 January - total","482 736 385"
"1996","Belgium","Population on 1 January - total","10 143 047"
"1996","Bulgaria","Population on 1 January - total","8 384 715"
"1996","Czechia","Population on 1 January - total","10 321 344"
"1996","Denmark","Population on 1 January - total","5 251 027"
"1996","Germany including former GDR","Population on 1 January - total","81 817 499"
"1996","Estonia","Population on 1 January - total","1 425 192"
"1996","Ireland","Population on 1 January - total","3 620 065"
"1996","Greece","Population on 1 January - total","10 588 332"
"1996","Spain","Population on 1 January - total","39 808 374"
"1996","France","Population on 1 January - total","59 522 297"
"1996","Croatia","Population on 1 January - total","4 581 167"
"1996","Italy","Population on 1 January - total","56 844 197"
"1996","Cyprus","Population on 1 January - total","656 333"
"1996","Latvia","Population on 1 January - total","2 469 531"
"1996","Lithuania","Population on 1 January - total","3 615 212"
"1996","Luxembourg","Population on 1 January - total","411 600"
"1996","Hungary","Population on 1 January - total","10 321 229"
"1996","Malta","Population on 1 January - total","378 404"
"1996","Netherlands","Population on 1 January - total","15 493 889"
"1996","Austria","Population on 1 January - total","7 953 067"
"1996","Poland","Population on 1 January - total","38 609 399"
"1996","Portugal","Population on 1 January - total","10 043 693"
"1996","Romania","Population on 1 January - total","22 656 145"
"1996","Slovenia","Population on 1 January - total","1 990 266"
"1996","Slovakia","Population on 1 January - total","5 367 790"
"1996","Finland","Population on 1 January - total","5 116 826"
"1996","Sweden","Population on 1 January - total","8 837 496"
"1996","United Kingdom","Population on 1 January - total","58 094 587"
"1996","Iceland","Population on 1 January - total","267 958"
"1996","Liechtenstein","Population on 1 January - total","30 923"
"1996","Norway","Population on 1 January - total","4 369 957"
"1996","Switzerland","Population on 1 January - total","7 062 354"
"1997","European Union - 27 countries (from 2020)","Population on 1 January - total","425 273 491"
"1997","European Union - 28 countries (2013-2020)","Population on 1 January - total","483 512 803"
"1997","Belgium","Population on 1 January - total","10 170 226"
"1997","Bulgaria","Population on 1 January - total","8 340 936"
"1997","Czechia","Population on 1 January - total","10 309 137"
"1997","Denmark","Population on 1 January - total","5 275 121"
"1997","Germany including former GDR","Population on 1 January - total","82 012 162"
"1997","Estonia","Population on 1 January - total","1 405 996"
"1997","Ireland","Population on 1 January - total","3 654 955"
"1997","Greece","Population on 1 January - total","10 629 267"
"1997","Spain","Population on 1 January - total","39 971 329"
"1997","France","Population on 1 January - total","59 726 386"
"1997","Croatia","Population on 1 January - total","4 533 028"
"1997","Italy","Population on 1 January - total","56 876 364"
"1997","Cyprus","Population on 1 January - total","666 313"
"1997","Latvia","Population on 1 January - total","2 444 912"
"1997","Lithuania","Population on 1 January - total","3 588 013"
"1997","Luxembourg","Population on 1 January - total","416 850"
"1997","Hungary","Population on 1 January - total","10 301 247"
"1997","Malta","Population on 1 January - total","381 405"
"1997","Netherlands","Population on 1 January - total","15 567 107"
"1997","Austria","Population on 1 January - total","7 964 966"
"1997","Poland","Population on 1 January - total","38 639 341"
"1997","Portugal","Population on 1 January - total","10 084 196"
"1997","Romania","Population on 1 January - total","22 581 862"
"1997","Slovenia","Population on 1 January - total","1 986 989"
"1997","Slovakia","Population on 1 January - total","5 378 932"
"1997","Finland","Population on 1 January - total","5 132 320"
"1997","Sweden","Population on 1 January - total","8 844 499"
"1997","United Kingdom","Population on 1 January - total","58 239 312"
"1997","Iceland","Population on 1 January - total","269 874"
"1997","Liechtenstein","Population on 1 January - total","31 143"
"1997","Norway","Population on 1 January - total","4 392 714"
"1997","Switzerland","Population on 1 January - total","7 081 346"
"1998","European Union - 27 countries (from 2020)","Population on 1 January - total","427 482 962"
"1998","European Union - 28 countries (2013-2020)","Population on 1 January - total","485 877 558"
"1998","Belgium","Population on 1 January - total","10 192 264"
"1998","Bulgaria","Population on 1 January - total","8 283 200"
"1998","Czechia","Population on 1 January - total","10 299 125"
"1998","Denmark","Population on 1 January - total","5 294 860"
"1998","Germany including former GDR","Population on 1 January - total","82 057 379"
"1998","Estonia","Population on 1 January - total","1 393 074"
"1998","Ireland","Population on 1 January - total","3 693 386"
"1998","Greece","Population on 1 January - total","10 693 250"
"1998","Spain","Population on 1 January - total","40 143 449"
"1998","France","Population on 1 January - total","59 934 884"
"1998","Croatia","Population on 1 January - total","4 536 812"
"1998","Italy","Population on 1 January - total","56 904 379"
"1998","Cyprus","Population on 1 January - total","675 215"
"1998","Latvia","Population on 1 January - total","2 420 789"
"1998","Lithuania","Population on 1 January - total","3 562 261"
"1998","Luxembourg","Population on 1 January - total","422 050"
"1998","Hungary","Population on 1 January - total","10 279 724"
"1998","Malta","Population on 1 January - total","384 176"
"1998","Netherlands","Population on 1 January - total","15 654 192"
"1998","Austria","Population on 1 January - total","7 971 116"
"1998","Poland","Population on 1 January - total","38 659 979"
"1998","Portugal","Population on 1 January - total","10 133 758"
"1998","Romania","Population on 1 January - total","22 526 093"
"1998","Slovenia","Population on 1 January - total","1 984 923"
"1998","Slovakia","Population on 1 January - total","5 387 650"
"1998","Finland","Population on 1 January - total","5 147 349"
"1998","Sweden","Population on 1 January - total","8 847 625"
"1998","United Kingdom","Population on 1 January - total","58 394 596"
"1998","Iceland","Population on 1 January - total","272 381"
"1998","Liechtenstein","Population on 1 January - total","31 320"
"1998","Norway","Population on 1 January - total","4 417 599"
"1998","Switzerland","Population on 1 January - total","7 096 465"
"1999","European Union - 27 countries (from 2020)","Population on 1 January - total","427 998 269"
"1999","European Union - 28 countries (2013-2020)","Population on 1 January - total","486 577 954"
"1999","Belgium","Population on 1 January - total","10 213 752"
"1999","Bulgaria","Population on 1 January - total","8 230 371"
"1999","Czechia","Population on 1 January - total","10 289 621"
"1999","Denmark","Population on 1 January - total","5 313 577"
"1999","Germany including former GDR","Population on 1 January - total","82 037 011"
"1999","Estonia","Population on 1 January - total","1 379 237"
"1999","Ireland","Population on 1 January - total","3 732 006"
"1999","Greece","Population on 1 January - total","10 747 768"
"1999","Spain","Population on 1 January - total","40 303 568"
"1999","France","Population on 1 January - total","60 158 533"
"1999","Croatia","Population on 1 January - total","4 527 460"
"1999","Italy","Population on 1 January - total","56 909 109"
"1999","Cyprus","Population on 1 January - total","682 862"
"1999","Latvia","Population on 1 January - total","2 399 248"
"1999","Lithuania","Population on 1 January - total","3 536 401"
"1999","Luxembourg","Population on 1 January - total","427 350"
"1999","Hungary","Population on 1 January - total","10 253 416"
"1999","Malta","Population on 1 January - total","386 397"
"1999","Netherlands","Population on 1 January - total","15 760 225"
"1999","Austria","Population on 1 January - total","7 982 461"
"1999","Poland","Population on 1 January - total","38 666 983"
"1999","Portugal","Population on 1 January - total","10 186 634"
"1999","Romania","Population on 1 January - total","22 488 595"
"1999","Slovenia","Population on 1 January - total","1 978 334"
"1999","Slovakia","Population on 1 January - total","5 393 382"
"1999","Finland","Population on 1 January - total","5 159 646"
"1999","Sweden","Population on 1 January - total","8 854 322"
"1999","United Kingdom","Population on 1 January - total","58 579 685"
"1999","Iceland","Population on 1 January - total","275 712"
"1999","Liechtenstein","Population on 1 January - total","32 015"
"1999","Norway","Population on 1 January - total","4 445 329"
"1999","Switzerland","Population on 1 January - total","7 123 537"
"2000","European Union - 27 countries (from 2020)","Population on 1 January - total","428 473 834"
"2000","European Union - 28 countries (2013-2020)","Population on 1 January - total","487 259 080"
"2000","Belgium","Population on 1 January - total","10 239 085"
"2000","Bulgaria","Population on 1 January - total","8 190 876"
"2000","Czechia","Population on 1 January - total","10 278 098"
"2000","Denmark","Population on 1 January - total","5 330 020"
"2000","Germany including former GDR","Population on 1 January - total","82 163 475"
"2000","Estonia","Population on 1 January - total","1 401 250"
"2000","Ireland","Population on 1 January - total","3 777 565"
"2000","Greece","Population on 1 January - total","10 775 627"
"2000","Spain","Population on 1 January - total","40 470 182"
"2000","France","Population on 1 January - total","60 545 022"
"2000","Croatia","Population on 1 January - total","4 497 735"
"2000","Italy","Population on 1 January - total","56 923 524"
"2000","Cyprus","Population on 1 January - total","690 497"
"2000","Latvia","Population on 1 January - total","2 381 715"
"2000","Lithuania","Population on 1 January - total","3 512 074"
"2000","Luxembourg","Population on 1 January - total","433 600"
"2000","Hungary","Population on 1 January - total","10 221 644"
"2000","Malta","Population on 1 January - total","388 759"
"2000","Netherlands","Population on 1 January - total","15 863 950"
"2000","Austria","Population on 1 January - total","8 002 186"
"2000","Poland","Population on 1 January - total","38 263 303"
"2000","Portugal","Population on 1 January - total","10 249 022"
"2000","Romania","Population on 1 January - total","22 455 485"
"2000","Slovenia","Population on 1 January - total","1 987 755"
"2000","Slovakia","Population on 1 January - total","5 398 657"
"2000","Finland","Population on 1 January - total","5 171 302"
"2000","Sweden","Population on 1 January - total","8 861 426"
"2000","United Kingdom","Population on 1 January - total","58 785 246"
"2000","Iceland","Population on 1 January - total","279 049"
"2000","Liechtenstein","Population on 1 January - total","32 426"
"2000","Norway","Population on 1 January - total","4 478 497"
"2000","Switzerland","Population on 1 January - total","7 164 444"
"2001","European Union - 27 countries (from 2020)","Population on 1 January - total","429 240 746"
"2001","European Union - 28 countries (2013-2020)","Population on 1 January - total","488 240 527"
"2001","Belgium","Population on 1 January - total","10 263 414"
"2001","Bulgaria","Population on 1 January - total","8 149 468"
"2001","Czechia","Population on 1 January - total","10 232 027"
"2001","Denmark","Population on 1 January - total","5 349 212"
"2001","Germany including former GDR","Population on 1 January - total","82 259 540"
"2001","Estonia","Population on 1 January - total","1 392 720"
"2001","Ireland","Population on 1 January - total","3 832 783"
"2001","Greece","Population on 1 January - total","10 835 989"
"2001","Spain","Population on 1 January - total","40 665 545"
"2001","France","Population on 1 January - total","60 979 315"
"2001","Croatia","Population on 1 January - total","4 295 406"
"2001","Italy","Population on 1 January - total","56 960 692"
"2001","Cyprus","Population on 1 January - total","697 549"
"2001","Latvia","Population on 1 January - total","2 353 384"
"2001","Lithuania","Population on 1 January - total","3 486 998"
"2001","Luxembourg","Population on 1 January - total","439 000"
"2001","Hungary","Population on 1 January - total","10 200 298"
"2001","Malta","Population on 1 January - total","391 415"
"2001","Netherlands","Population on 1 January - total","15 987 075"
"2001","Austria","Population on 1 January - total","8 020 946"
"2001","Poland","Population on 1 January - total","38 253 955"
"2001","Portugal","Population on 1 January - total","10 330 774"
"2001","Romania","Population on 1 January - total","22 430 457"
"2001","Slovenia","Population on 1 January - total","1 990 094"
"2001","Slovakia","Population on 1 January - total","5 378 783"
"2001","Finland","Population on 1 January - total","5 181 115"
"2001","Sweden","Population on 1 January - total","8 882 792"
"2001","United Kingdom","Population on 1 January - total","58 999 781"
"2001","Iceland","Population on 1 January - total","283 361"
"2001","Liechtenstein","Population on 1 January - total","32 863"
"2001","Norway","Population on 1 January - total","4 503 436"
"2001","Switzerland","Population on 1 January - total","7 204 055"
"2002","European Union - 27 countries (from 2020)","Population on 1 January - total","429 723 142"
"2002","European Union - 28 countries (2013-2020)","Population on 1 January - total","488 962 706"
"2002","Belgium","Population on 1 January - total","10 309 725"
"2002","Bulgaria","Population on 1 January - total","7 868 815"
"2002","Czechia","Population on 1 January - total","10 201 182"
"2002","Denmark","Population on 1 January - total","5 368 354"
"2002","Germany including former GDR","Population on 1 January - total","82 440 309"
"2002","Estonia","Population on 1 January - total","1 383 510"
"2002","Ireland","Population on 1 January - total","3 899 702"
"2002","Greece","Population on 1 January - total","10 888 274"
"2002","Spain","Population on 1 January - total","41 035 278"
"2002","France","Population on 1 January - total","61 424 036"
"2002","Croatia","Population on 1 January - total","4 305 494"
"2002","Italy","Population on 1 January - total","56 987 507"
"2002","Cyprus","Population on 1 January - total","705 539"
"2002","Latvia","Population on 1 January - total","2 320 956"
"2002","Lithuania","Population on 1 January - total","3 454 637"
"2002","Luxembourg","Population on 1 January - total","444 050"
"2002","Hungary","Population on 1 January - total","10 174 853"
"2002","Malta","Population on 1 January - total","394 641"
"2002","Netherlands","Population on 1 January - total","16 105 285"
"2002","Austria","Population on 1 January - total","8 063 640"
"2002","Poland","Population on 1 January - total","38 242 197"
"2002","Portugal","Population on 1 January - total","10 394 669"
"2002","Romania","Population on 1 January - total","21 833 483"
"2002","Slovenia","Population on 1 January - total","1 994 026"
"2002","Slovakia","Population on 1 January - total","5 378 951"
"2002","Finland","Population on 1 January - total","5 194 901"
"2002","Sweden","Population on 1 January - total","8 909 128"
"2002","United Kingdom","Population on 1 January - total","59 239 564"
"2002","Iceland","Population on 1 January - total","286 575"
"2002","Liechtenstein","Population on 1 January - total","33 525"
"2002","Norway","Population on 1 January - total","4 524 066"
"2002","Switzerland","Population on 1 January - total","7 255 653"
"2003","European Union - 27 countries (from 2020)","Population on 1 January - total","431 190 184"
"2003","European Union - 28 countries (2013-2020)","Population on 1 January - total","490 691 578"
"2003","Belgium","Population on 1 January - total","10 355 844"
"2003","Bulgaria","Population on 1 January - total","7 805 506"
"2003","Czechia","Population on 1 January - total","10 192 649"
"2003","Denmark","Population on 1 January - total","5 383 507"
"2003","Germany including former GDR","Population on 1 January - total","82 536 680"
"2003","Estonia","Population on 1 January - total","1 375 190"
"2003","Ireland","Population on 1 January - total","3 964 191"
"2003","Greece","Population on 1 January - total","10 915 770"
"2003","Spain","Population on 1 January - total","41 827 838"
"2003","France","Population on 1 January - total","61 864 088"
"2003","Croatia","Population on 1 January - total","4 305 384"
"2003","Italy","Population on 1 January - total","57 130 506"
"2003","Cyprus","Population on 1 January - total","713 720"
"2003","Latvia","Population on 1 January - total","2 299 390"
"2003","Lithuania","Population on 1 January - total","3 431 497"
"2003","Luxembourg","Population on 1 January - total","448 300"
"2003","Hungary","Population on 1 January - total","10 142 362"
"2003","Malta","Population on 1 January - total","397 296"
"2003","Netherlands","Population on 1 January - total","16 192 572"
"2003","Austria","Population on 1 January - total","8 100 273"
"2003","Poland","Population on 1 January - total","38 218 531"
"2003","Portugal","Population on 1 January - total","10 444 592"
"2003","Romania","Population on 1 January - total","21 627 509"
"2003","Slovenia","Population on 1 January - total","1 995 033"
"2003","Slovakia","Population on 1 January - total","5 374 873"
"2003","Finland","Population on 1 January - total","5 206 295"
"2003","Sweden","Population on 1 January - total","8 940 788"
"2003","United Kingdom","Population on 1 January - total","59 501 394"
"2003","Iceland","Population on 1 January - total","288 471"
"2003","Liechtenstein","Population on 1 January - total","33 863"
"2003","Norway","Population on 1 January - total","4 552 252"
"2003","Switzerland","Population on 1 January - total","7 313 853"
"2004","European Union - 27 countries (from 2020)","Population on 1 January - total","432 762 039"
"2004","European Union - 28 countries (2013-2020)","Population on 1 January - total","492 555 798"
"2004","Belgium","Population on 1 January - total","10 396 421"
"2004","Bulgaria","Population on 1 January - total","7 745 147"
"2004","Czechia","Population on 1 January - total","10 195 347"
"2004","Denmark","Population on 1 January - total","5 397 640"
"2004","Germany including former GDR","Population on 1 January - total","82 531 671"
"2004","Estonia","Population on 1 January - total","1 366 250"
"2004","Ireland","Population on 1 January - total","4 028 851"
"2004","Greece","Population on 1 January - total","10 940 369"
"2004","Spain","Population on 1 January - total","42 547 451"
"2004","France","Population on 1 January - total","62 292 241"
"2004","Croatia","Population on 1 January - total","4 305 725"
"2004","Italy","Population on 1 January - total","57 495 900"
"2004","Cyprus","Population on 1 January - total","722 893"
"2004","Latvia","Population on 1 January - total","2 276 520"
"2004","Lithuania","Population on 1 January - total","3 398 929"
"2004","Luxembourg","Population on 1 January - total","454 960"
"2004","Hungary","Population on 1 January - total","10 116 742"
"2004","Malta","Population on 1 January - total","399 867"
"2004","Netherlands","Population on 1 January - total","16 258 032"
"2004","Austria","Population on 1 January - total","8 142 573"
"2004","Poland","Population on 1 January - total","38 190 608"
"2004","Portugal","Population on 1 January - total","10 473 050"
"2004","Romania","Population on 1 January - total","21 521 142"
"2004","Slovenia","Population on 1 January - total","1 996 433"
"2004","Slovakia","Population on 1 January - total","5 371 875"
"2004","Finland","Population on 1 January - total","5 219 732"
"2004","Sweden","Population on 1 January - total","8 975 670"
"2004","United Kingdom","Population on 1 January - total","59 793 759"
"2004","Iceland","Population on 1 January - total","290 570"
"2004","Liechtenstein","Population on 1 January - total","34 294"
"2004","Norway","Population on 1 January - total","4 577 457"
"2004","Switzerland","Population on 1 January - total","7 364 148"
"2005","European Union - 27 countries (from 2020)","Population on 1 January - total","434 416 272"
"2005","European Union - 28 countries (2013-2020)","Population on 1 January - total","494 598 322"
"2005","Belgium","Population on 1 January - total","10 445 852"
"2005","Bulgaria","Population on 1 January - total","7 688 573"
"2005","Czechia","Population on 1 January - total","10 198 855"
"2005","Denmark","Population on 1 January - total","5 411 405"
"2005","Germany including former GDR","Population on 1 January - total","82 500 849"
"2005","Estonia","Population on 1 January - total","1 358 850"
"2005","Ireland","Population on 1 January - total","4 111 672"
"2005","Greece","Population on 1 January - total","10 969 912"
"2005","Spain","Population on 1 January - total","43 296 338"
"2005","France","Population on 1 January - total","62 772 870"
"2005","Croatia","Population on 1 January - total","4 310 861"
"2005","Italy","Population on 1 January - total","57 874 753"
"2005","Cyprus","Population on 1 January - total","733 067"
"2005","Latvia","Population on 1 January - total","2 249 724"
"2005","Lithuania","Population on 1 January - total","3 355 220"
"2005","Luxembourg","Population on 1 January - total","461 230"
"2005","Hungary","Population on 1 January - total","10 097 549"
"2005","Malta","Population on 1 January - total","402 668"
"2005","Netherlands","Population on 1 January - total","16 305 526"
"2005","Austria","Population on 1 January - total","8 201 359"
"2005","Poland","Population on 1 January - total","38 173 835"
"2005","Portugal","Population on 1 January - total","10 494 672"
"2005","Romania","Population on 1 January - total","21 382 354"
"2005","Slovenia","Population on 1 January - total","1 997 590"
"2005","Slovakia","Population on 1 January - total","5 372 685"
"2005","Finland","Population on 1 January - total","5 236 611"
"2005","Sweden","Population on 1 January - total","9 011 392"
"2005","United Kingdom","Population on 1 January - total","60 182 050"
"2005","Iceland","Population on 1 January - total","293 577"
"2005","Liechtenstein","Population on 1 January - total","34 600"
"2005","Norway","Population on 1 January - total","4 606 363"
"2005","Switzerland","Population on 1 January - total","7 415 102"
"2006","European Union - 27 countries (from 2020)","Population on 1 January - total","435 816 236"
"2006","European Union - 28 countries (2013-2020)","Population on 1 January - total","496 436 597"
"2006","Belgium","Population on 1 January - total","10 511 382"
"2006","Bulgaria","Population on 1 January - total","7 629 371"
"2006","Czechia","Population on 1 January - total","10 223 577"
"2006","Denmark","Population on 1 January - total","5 427 459"
"2006","Germany including former GDR","Population on 1 January - total","82 437 995"
"2006","Estonia","Population on 1 January - total","1 350 700"
"2006","Ireland","Population on 1 January - total","4 208 156"
"2006","Greece","Population on 1 January - total","11 004 716"
"2006","Spain","Population on 1 January - total","44 009 971"
"2006","France","Population on 1 January - total","63 229 635"
"2006","Croatia","Population on 1 January - total","4 312 487"
"2006","Italy","Population on 1 January - total","58 064 214"
"2006","Cyprus","Population on 1 January - total","744 013"
"2006","Latvia","Population on 1 January - total","2 227 874"
"2006","Lithuania","Population on 1 January - total","3 289 835"
"2006","Luxembourg","Population on 1 January - total","469 086"
"2006","Hungary","Population on 1 January - total","10 076 581"
"2006","Malta","Population on 1 January - total","404 999"
"2006","Netherlands","Population on 1 January - total","16 334 210"
"2006","Austria","Population on 1 January - total","8 254 298"
"2006","Poland","Population on 1 January - total","38 157 055"
"2006","Portugal","Population on 1 January - total","10 511 988"
"2006","Romania","Population on 1 January - total","21 257 016"
"2006","Slovenia","Population on 1 January - total","2 003 358"
"2006","Slovakia","Population on 1 January - total","5 372 928"
"2006","Finland","Population on 1 January - total","5 255 580"
"2006","Sweden","Population on 1 January - total","9 047 752"
"2006","United Kingdom","Population on 1 January - total","60 620 361"
"2006","Iceland","Population on 1 January - total","299 891"
"2006","Liechtenstein","Population on 1 January - total","34 905"
"2006","Norway","Population on 1 January - total","4 640 219"
"2006","Switzerland","Population on 1 January - total","7 459 128"
"2007","European Union - 27 countries (from 2020)","Population on 1 January - total","437 227 496"
"2007","European Union - 28 countries (2013-2020)","Population on 1 January - total","498 300 775"
"2007","Belgium","Population on 1 January - total","10 584 534"
"2007","Bulgaria","Population on 1 January - total","7 572 673"
"2007","Czechia","Population on 1 January - total","10 254 233"
"2007","Denmark","Population on 1 January - total","5 447 084"
"2007","Germany including former GDR","Population on 1 January - total","82 314 906"
"2007","Estonia","Population on 1 January - total","1 342 920"
"2007","Ireland","Population on 1 January - total","4 340 118"
"2007","Greece","Population on 1 January - total","11 036 008"
"2007","Spain","Population on 1 January - total","44 784 666"
"2007","France","Population on 1 January - total","63 645 065"
"2007","Croatia","Population on 1 January - total","4 313 530"
"2007","Italy","Population on 1 January - total","58 223 744"
"2007","Cyprus","Population on 1 January - total","757 916"
"2007","Latvia","Population on 1 January - total","2 208 840"
"2007","Lithuania","Population on 1 January - total","3 249 983"
"2007","Luxembourg","Population on 1 January - total","476 187"
"2007","Hungary","Population on 1 January - total","10 066 158"
"2007","Malta","Population on 1 January - total","405 616"
"2007","Netherlands","Population on 1 January - total","16 357 992"
"2007","Austria","Population on 1 January - total","8 282 984"
"2007","Poland","Population on 1 January - total","38 125 479"
"2007","Portugal","Population on 1 January - total","10 532 588"
"2007","Romania","Population on 1 January - total","21 130 503"
"2007","Slovenia","Population on 1 January - total","2 010 377"
"2007","Slovakia","Population on 1 January - total","5 373 180"
"2007","Finland","Population on 1 January - total","5 276 955"
"2007","Sweden","Population on 1 January - total","9 113 257"
"2007","United Kingdom","Population on 1 January - total","61 073 279"
"2007","Iceland","Population on 1 January - total","307 672"
"2007","Liechtenstein","Population on 1 January - total","35 168"
"2007","Norway","Population on 1 January - total","4 681 134"
"2007","Switzerland","Population on 1 January - total","7 508 739"
"2008","European Union - 27 countries (from 2020)","Population on 1 January - total","438 725 386"
"2008","European Union - 28 countries (2013-2020)","Population on 1 January - total","500 297 033"
"2008","Belgium","Population on 1 January - total","10 666 866"
"2008","Bulgaria","Population on 1 January - total","7 518 002"
"2008","Czechia","Population on 1 January - total","10 343 422"
"2008","Denmark","Population on 1 January - total","5 475 791"
"2008","Germany including former GDR","Population on 1 January - total","82 217 837"
"2008","Estonia","Population on 1 January - total","1 338 440"
"2008","Ireland","Population on 1 January - total","4 457 765"
"2008","Greece","Population on 1 January - total","11 060 937"
"2008","Spain","Population on 1 January - total","45 668 939"
"2008","France","Population on 1 January - total","64 007 193"
"2008","Croatia","Population on 1 January - total","4 311 967"
"2008","Italy","Population on 1 January - total","58 652 875"
"2008","Cyprus","Population on 1 January - total","776 333"
"2008","Latvia","Population on 1 January - total","2 191 810"
"2008","Lithuania","Population on 1 January - total","3 212 605"
"2008","Luxembourg","Population on 1 January - total","483 799"
"2008","Hungary","Population on 1 January - total","10 045 401"
"2008","Malta","Population on 1 January - total","407 832"
"2008","Netherlands","Population on 1 January - total","16 405 399"
"2008","Austria","Population on 1 January - total","8 307 989"
"2008","Poland","Population on 1 January - total","38 115 641"
"2008","Portugal","Population on 1 January - total","10 553 339"
"2008","Romania","Population on 1 January - total","20 635 460"
"2008","Slovenia","Population on 1 January - total","2 010 269"
"2008","Slovakia","Population on 1 January - total","5 376 064"
"2008","Finland","Population on 1 January - total","5 300 484"
"2008","Sweden","Population on 1 January - total","9 182 927"
"2008","United Kingdom","Population on 1 January - total","61 571 647"
"2008","Iceland","Population on 1 January - total","315 459"
"2008","Liechtenstein","Population on 1 January - total","35 356"
"2008","Norway","Population on 1 January - total","4 737 171"
"2008","Switzerland","Population on 1 January - total","7 593 494"
"2009","European Union - 27 countries (from 2020)","Population on 1 January - total","440 047 892"
"2009","European Union - 28 countries (2013-2020)","Population on 1 January - total","502 090 235"
"2009","Belgium","Population on 1 January - total","10 753 080"
"2009","Bulgaria","Population on 1 January - total","7 467 119"
"2009","Czechia","Population on 1 January - total","10 425 783"
"2009","Denmark","Population on 1 January - total","5 511 451"
"2009","Germany including former GDR","Population on 1 January - total","82 002 356"
"2009","Estonia","Population on 1 January - total","1 335 740"
"2009","Ireland","Population on 1 January - total","4 521 322"
"2009","Greece","Population on 1 January - total","11 094 745"
"2009","Spain","Population on 1 January - total","46 239 273"
"2009","France","Population on 1 January - total","64 350 226"
"2009","Croatia","Population on 1 January - total","4 309 796"
"2009","Italy","Population on 1 January - total","59 000 586"
"2009","Cyprus","Population on 1 January - total","796 930"
"2009","Latvia","Population on 1 January - total","2 162 834"
"2009","Lithuania","Population on 1 January - total","3 183 856"
"2009","Luxembourg","Population on 1 January - total","493 500"
"2009","Hungary","Population on 1 January - total","10 030 975"
"2009","Malta","Population on 1 January - total","410 926"
"2009","Netherlands","Population on 1 January - total","16 485 787"
"2009","Austria","Population on 1 January - total","8 335 003"
"2009","Poland","Population on 1 January - total","38 135 876"
"2009","Portugal","Population on 1 January - total","10 563 014"
"2009","Romania","Population on 1 January - total","20 440 290"
"2009","Slovenia","Population on 1 January - total","2 032 362"
"2009","Slovakia","Population on 1 January - total","5 382 401"
"2009","Finland","Population on 1 January - total","5 326 314"
"2009","Sweden","Population on 1 January - total","9 256 347"
"2009","United Kingdom","Population on 1 January - total","62 042 343"
"2009","Iceland","Population on 1 January - total","319 368"
"2009","Liechtenstein","Population on 1 January - total","35 589"
"2009","Norway","Population on 1 January - total","4 799 252"
"2009","Switzerland","Population on 1 January - total","7 701 856"
"2010","European Union - 27 countries (from 2020)","Population on 1 January - total","440 660 421"
"2010","European Union - 28 countries (2013-2020)","Population on 1 January - total","503 170 618"
"2010","Belgium","Population on 1 January - total","10 839 905"
"2010","Bulgaria","Population on 1 January - total","7 421 766"
"2010","Czechia","Population on 1 January - total","10 462 088"
"2010","Denmark","Population on 1 January - total","5 534 738"
"2010","Germany including former GDR","Population on 1 January - total","81 802 257"
"2010","Estonia","Population on 1 January - total","1 333 290"
"2010","Ireland","Population on 1 January - total","4 549 428"
"2010","Greece","Population on 1 January - total","11 119 289"
"2010","Spain","Population on 1 January - total","46 486 619"
"2010","France","Population on 1 January - total","64 658 856"
"2010","Croatia","Population on 1 January - total","4 302 847"
"2010","Italy","Population on 1 January - total","59 190 143"
"2010","Cyprus","Population on 1 January - total","819 140"
"2010","Latvia","Population on 1 January - total","2 120 504"
"2010","Lithuania","Population on 1 January - total","3 141 976"
"2010","Luxembourg","Population on 1 January - total","502 066"
"2010","Hungary","Population on 1 January - total","10 014 324"
"2010","Malta","Population on 1 January - total","414 027"
"2010","Netherlands","Population on 1 January - total","16 574 989"
"2010","Austria","Population on 1 January - total","8 351 643"
"2010","Poland","Population on 1 January - total","38 022 869"
"2010","Portugal","Population on 1 January - total","10 573 479"
"2010","Romania","Population on 1 January - total","20 294 683"
"2010","Slovenia","Population on 1 January - total","2 046 976"
"2010","Slovakia","Population on 1 January - total","5 390 410"
"2010","Finland","Population on 1 January - total","5 351 427"
"2010","Sweden","Population on 1 January - total","9 340 682"
"2010","United Kingdom","Population on 1 January - total","62 510 197"
"2010","Iceland","Population on 1 January - total","317 630"
"2010","Liechtenstein","Population on 1 January - total","35 894"
"2010","Norway","Population on 1 January - total","4 858 199"
"2010","Switzerland","Population on 1 January - total","7 785 806"
"2011","European Union - 27 countries (from 2020)","Population on 1 January - total","439 942 305"
"2011","European Union - 28 countries (2013-2020)","Population on 1 January - total","502 964 837"
"2011","Belgium","Population on 1 January - total","11 000 638"
"2011","Bulgaria","Population on 1 January - total","7 369 431"
"2011","Czechia","Population on 1 January - total","10 486 731"
"2011","Denmark","Population on 1 January - total","5 560 628"
"2011","Germany including former GDR","Population on 1 January - total","80 222 065"
"2011","Estonia","Population on 1 January - total","1 329 660"
"2011","Ireland","Population on 1 January - total","4 570 881"
"2011","Greece","Population on 1 January - total","11 123 392"
"2011","Spain","Population on 1 January - total","46 667 174"
"2011","France","Population on 1 January - total","64 978 721"
"2011","Croatia","Population on 1 January - total","4 289 857"
"2011","Italy","Population on 1 January - total","59 364 690"
"2011","Cyprus","Population on 1 January - total","839 751"
"2011","Latvia","Population on 1 January - total","2 074 605"
"2011","Lithuania","Population on 1 January - total","3 052 588"
"2011","Luxembourg","Population on 1 January - total","511 840"
"2011","Hungary","Population on 1 January - total","9 985 722"
"2011","Malta","Population on 1 January - total","414 989"
"2011","Netherlands","Population on 1 January - total","16 655 799"
"2011","Austria","Population on 1 January - total","8 375 164"
"2011","Poland","Population on 1 January - total","38 062 718"
"2011","Portugal","Population on 1 January - total","10 572 721"
"2011","Romania","Population on 1 January - total","20 199 059"
"2011","Slovenia","Population on 1 January - total","2 050 189"
"2011","Slovakia","Population on 1 January - total","5 392 446"
"2011","Finland","Population on 1 January - total","5 375 276"
"2011","Sweden","Population on 1 January - total","9 415 570"
"2011","United Kingdom","Population on 1 January - total","63 022 532"
"2011","Iceland","Population on 1 January - total","318 452"
"2011","Liechtenstein","Population on 1 January - total","36 149"
"2011","Norway","Population on 1 January - total","4 920 305"
"2011","Switzerland","Population on 1 January - total","7 870 134"
"2012","European Union - 27 countries (from 2020)","Population on 1 January - total","440 552 661"
"2012","European Union - 28 countries (2013-2020)","Population on 1 January - total","504 047 749"
"2012","Belgium","Population on 1 January - total","11 075 889"
"2012","Bulgaria","Population on 1 January - total","7 327 224"
"2012","Czechia","Population on 1 January - total","10 505 445"
"2012","Denmark","Population on 1 January - total","5 580 516"
"2012","Germany including former GDR","Population on 1 January - total","80 327 900"
"2012","Estonia","Population on 1 January - total","1 325 217"
"2012","Ireland","Population on 1 January - total","4 589 287"
"2012","Greece","Population on 1 January - total","11 086 406"
"2012","Spain","Population on 1 January - total","46 818 219"
"2012","France","Population on 1 January - total","65 276 983"
"2012","Croatia","Population on 1 January - total","4 275 984"
"2012","Italy","Population on 1 January - total","59 394 207"
"2012","Cyprus","Population on 1 January - total","862 011"
"2012","Latvia","Population on 1 January - total","2 044 813"
"2012","Lithuania","Population on 1 January - total","3 003 641"
"2012","Luxembourg","Population on 1 January - total","524 853"
"2012","Hungary","Population on 1 January - total","9 931 925"
"2012","Malta","Population on 1 January - total","417 546"
"2012","Netherlands","Population on 1 January - total","16 730 348"
"2012","Austria","Population on 1 January - total","8 408 121"
"2012","Poland","Population on 1 January - total","38 063 792"
"2012","Portugal","Population on 1 January - total","10 542 398"
"2012","Romania","Population on 1 January - total","20 095 996"
"2012","Slovenia","Population on 1 January - total","2 055 496"
"2012","Slovakia","Population on 1 January - total","5 404 322"
"2012","Finland","Population on 1 January - total","5 401 267"
"2012","Sweden","Population on 1 January - total","9 482 855"
"2012","United Kingdom","Population on 1 January - total","63 495 088"
"2012","Iceland","Population on 1 January - total","319 575"
"2012","Liechtenstein","Population on 1 January - total","36 475"
"2012","Norway","Population on 1 January - total","4 985 870"
"2012","Switzerland","Population on 1 January - total","7 954 662"
"2013","European Union - 27 countries (from 2020)","Population on 1 January - total","441 257 711"
"2013","European Union - 28 countries (2013-2020)","Population on 1 January - total","505 163 053"
"2013","Belgium","Population on 1 January - total","11 137 974"
"2013","Bulgaria","Population on 1 January - total","7 284 552"
"2013","Czechia","Population on 1 January - total","10 516 125"
"2013","Denmark","Population on 1 January - total","5 602 628"
"2013","Germany including former GDR","Population on 1 January - total","80 523 746"
"2013","Estonia","Population on 1 January - total","1 320 174"
"2013","Ireland","Population on 1 January - total","4 609 779"
"2013","Greece","Population on 1 January - total","11 003 615"
"2013","Spain","Population on 1 January - total","46 727 890"
"2013","France","Population on 1 January - total","65 600 350"
"2013","Croatia","Population on 1 January - total","4 262 140"
"2013","Italy","Population on 1 January - total","59 685 227"
"2013","Cyprus","Population on 1 January - total","865 878"
"2013","Latvia","Population on 1 January - total","2 023 825"
"2013","Lithuania","Population on 1 January - total","2 971 905"
"2013","Luxembourg","Population on 1 January - total","537 039"
"2013","Hungary","Population on 1 January - total","9 908 798"
"2013","Malta","Population on 1 January - total","422 509"
"2013","Netherlands","Population on 1 January - total","16 779 575"
"2013","Austria","Population on 1 January - total","8 451 860"
"2013","Poland","Population on 1 January - total","38 062 535"
"2013","Portugal","Population on 1 January - total","10 487 289"
"2013","Romania","Population on 1 January - total","20 020 074"
"2013","Slovenia","Population on 1 January - total","2 058 821"
"2013","Slovakia","Population on 1 January - total","5 410 836"
"2013","Finland","Population on 1 January - total","5 426 674"
"2013","Sweden","Population on 1 January - total","9 555 893"
"2013","United Kingdom","Population on 1 January - total","63 905 342"
"2013","Iceland","Population on 1 January - total","321 857"
"2013","Liechtenstein","Population on 1 January - total","36 838"
"2013","Norway","Population on 1 January - total","5 051 275"
"2013","Switzerland","Population on 1 January - total","8 039 060"
"2014","European Union - 27 countries (from 2020)","Population on 1 January - total","442 883 888"
"2014","European Union - 28 countries (2013-2020)","Population on 1 January - total","507 235 091"
"2014","Belgium","Population on 1 January - total","11 180 840"
"2014","Bulgaria","Population on 1 January - total","7 245 677"
"2014","Czechia","Population on 1 January - total","10 512 419"
"2014","Denmark","Population on 1 January - total","5 627 235"
"2014","Germany including former GDR","Population on 1 January - total","80 767 463"
"2014","Estonia","Population on 1 January - total","1 315 819"
"2014","Ireland","Population on 1 January - total","4 637 852"
"2014","Greece","Population on 1 January - total","10 926 807"
"2014","Spain","Population on 1 January - total","46 512 199"
"2014","France","Population on 1 January - total","66 165 980"
"2014","Croatia","Population on 1 January - total","4 246 809"
"2014","Italy","Population on 1 January - total","60 782 668"
"2014","Cyprus","Population on 1 January - total","858 000"
"2014","Latvia","Population on 1 January - total","2 001 468"
"2014","Lithuania","Population on 1 January - total","2 943 472"
"2014","Luxembourg","Population on 1 January - total","549 680"
"2014","Hungary","Population on 1 January - total","9 877 365"
"2014","Malta","Population on 1 January - total","429 424"
"2014","Netherlands","Population on 1 January - total","16 829 289"
"2014","Austria","Population on 1 January - total","8 507 786"
"2014","Poland","Population on 1 January - total","38 017 856"
"2014","Portugal","Population on 1 January - total","10 427 301"
"2014","Romania","Population on 1 January - total","19 947 311"
"2014","Slovenia","Population on 1 January - total","2 061 085"
"2014","Slovakia","Population on 1 January - total","5 415 949"
"2014","Finland","Population on 1 January - total","5 451 270"
"2014","Sweden","Population on 1 January - total","9 644 864"
"2014","United Kingdom","Population on 1 January - total","64 351 203"
"2014","Iceland","Population on 1 January - total","325 671"
"2014","Liechtenstein","Population on 1 January - total","37 129"
"2014","Norway","Population on 1 January - total","5 107 970"
"2014","Switzerland","Population on 1 January - total","8 139 631"
"2015","European Union - 27 countries (from 2020)","Population on 1 January - total","443 666 812"
"2015","European Union - 28 countries (2013-2020)","Population on 1 January - total","508 520 205"
"2015","Belgium","Population on 1 January - total","11 237 274"
"2015","Bulgaria","Population on 1 January - total","7 202 198"
"2015","Czechia","Population on 1 January - total","10 538 275"
"2015","Denmark","Population on 1 January - total","5 659 715"
"2015","Germany including former GDR","Population on 1 January - total","81 197 537"
"2015","Estonia","Population on 1 January - total","1 314 870"
"2015","Ireland","Population on 1 January - total","4 677 627"
"2015","Greece","Population on 1 January - total","10 858 018"
"2015","Spain","Population on 1 January - total","46 449 565"
"2015","France","Population on 1 January - total","66 458 153"
"2015","Croatia","Population on 1 January - total","4 225 316"
"2015","Italy","Population on 1 January - total","60 795 612"
"2015","Cyprus","Population on 1 January - total","847 008"
"2015","Latvia","Population on 1 January - total","1 986 096"
"2015","Lithuania","Population on 1 January - total","2 921 262"
"2015","Luxembourg","Population on 1 January - total","562 958"
"2015","Hungary","Population on 1 January - total","9 855 571"
"2015","Malta","Population on 1 January - total","439 691"
"2015","Netherlands","Population on 1 January - total","16 900 726"
"2015","Austria","Population on 1 January - total","8 584 926"
"2015","Poland","Population on 1 January - total","38 005 614"
"2015","Portugal","Population on 1 January - total","10 374 822"
"2015","Romania","Population on 1 January - total","19 870 647"
"2015","Slovenia","Population on 1 January - total","2 062 874"
"2015","Slovakia","Population on 1 January - total","5 421 349"
"2015","Finland","Population on 1 January - total","5 471 753"
"2015","Sweden","Population on 1 January - total","9 747 355"
"2015","United Kingdom","Population on 1 January - total","64 853 393"
"2015","Iceland","Population on 1 January - total","329 100"
"2015","Liechtenstein","Population on 1 January - total","37 366"
"2015","Norway","Population on 1 January - total","5 166 493"
"2015","Switzerland","Population on 1 January - total","8 237 666"
"2016","European Union - 27 countries (from 2020)","Population on 1 January - total","444 802 830"
"2016","European Union - 28 countries (2013-2020)","Population on 1 January - total","510 181 874"
"2016","Belgium","Population on 1 January - total","11 311 117"
"2016","Bulgaria","Population on 1 January - total","7 153 784"
"2016","Czechia","Population on 1 January - total","10 553 843"
"2016","Denmark","Population on 1 January - total","5 707 251"
"2016","Germany including former GDR","Population on 1 January - total","82 175 684"
"2016","Estonia","Population on 1 January - total","1 315 944"
"2016","Ireland","Population on 1 January - total","4 726 286"
"2016","Greece","Population on 1 January - total","10 783 748"
"2016","Spain","Population on 1 January - total","46 440 099"
"2016","France","Population on 1 January - total","66 638 391"
"2016","Croatia","Population on 1 January - total","4 190 669"
"2016","Italy","Population on 1 January - total","60 665 551"
"2016","Cyprus","Population on 1 January - total","848 319"
"2016","Latvia","Population on 1 January - total","1 968 957"
"2016","Lithuania","Population on 1 January - total","2 888 558"
"2016","Luxembourg","Population on 1 January - total","576 249"
"2016","Hungary","Population on 1 January - total","9 830 485"
"2016","Malta","Population on 1 January - total","450 415"
"2016","Netherlands","Population on 1 January - total","16 979 120"
"2016","Austria","Population on 1 January - total","8 700 471"
"2016","Poland","Population on 1 January - total","37 967 209"
"2016","Portugal","Population on 1 January - total","10 341 330"
"2016","Romania","Population on 1 January - total","19 760 585"
"2016","Slovenia","Population on 1 January - total","2 064 188"
"2016","Slovakia","Population on 1 January - total","5 426 252"
"2016","Finland","Population on 1 January - total","5 487 308"
"2016","Sweden","Population on 1 January - total","9 851 017"
"2016","United Kingdom","Population on 1 January - total","65 379 044"
"2016","Iceland","Population on 1 January - total","332 529"
"2016","Liechtenstein","Population on 1 January - total","37 622"
"2016","Norway","Population on 1 January - total","5 210 721"
"2016","Switzerland","Population on 1 January - total","8 327 126"
"2017","European Union - 27 countries (from 2020)","Population on 1 January - total","445 534 430"
"2017","European Union - 28 countries (2013-2020)","Population on 1 January - total","511 378 572"
"2017","Belgium","Population on 1 January - total","11 351 727"
"2017","Bulgaria","Population on 1 January - total","7 101 859"
"2017","Czechia","Population on 1 January - total","10 578 820"
"2017","Denmark","Population on 1 January - total","5 748 769"
"2017","Germany including former GDR","Population on 1 January - total","82 521 653"
"2017","Estonia","Population on 1 January - total","1 315 635"
"2017","Ireland","Population on 1 January - total","4 784 383"
"2017","Greece","Population on 1 January - total","10 768 193"
"2017","Spain","Population on 1 January - total","46 528 024"
"2017","France","Population on 1 January - total","66 809 816"
"2017","Croatia","Population on 1 January - total","4 154 213"
"2017","Italy","Population on 1 January - total","60 589 445"
"2017","Cyprus","Population on 1 January - total","854 802"
"2017","Latvia","Population on 1 January - total","1 950 116"
"2017","Lithuania","Population on 1 January - total","2 847 904"
"2017","Luxembourg","Population on 1 January - total","590 667"
"2017","Hungary","Population on 1 January - total","9 797 561"
"2017","Malta","Population on 1 January - total","460 297"
"2017","Netherlands","Population on 1 January - total","17 081 507"
"2017","Austria","Population on 1 January - total","8 772 865"
"2017","Poland","Population on 1 January - total","37 972 964"
"2017","Portugal","Population on 1 January - total","10 309 573"
"2017","Romania","Population on 1 January - total","19 643 949"
"2017","Slovenia","Population on 1 January - total","2 065 895"
"2017","Slovakia","Population on 1 January - total","5 435 343"
"2017","Finland","Population on 1 January - total","5 503 297"
"2017","Sweden","Population on 1 January - total","9 995 153"
"2017","United Kingdom","Population on 1 January - total","65 844 142"
"2017","Iceland","Population on 1 January - total","338 349"
"2017","Liechtenstein","Population on 1 January - total","37 810"
"2017","Norway","Population on 1 January - total","5 258 317"
"2017","Switzerland","Population on 1 January - total","8 419 550"
"2018","European Union - 27 countries (from 2020)","Population on 1 January - total","446 098 424"
"2018","European Union - 28 countries (2013-2020)","Population on 1 January - total","512 372 000"
"2018","Belgium","Population on 1 January - total","11 398 589"
"2018","Bulgaria","Population on 1 January - total","7 050 034"
"2018","Czechia","Population on 1 January - total","10 610 055"
"2018","Denmark","Population on 1 January - total","5 781 190"
"2018","Germany including former GDR","Population on 1 January - total","82 792 351"
"2018","Estonia","Population on 1 January - total","1 319 133"
"2018","Ireland","Population on 1 January - total","4 830 392"
"2018","Greece","Population on 1 January - total","10 741 165"
"2018","Spain","Population on 1 January - total","46 658 447"
"2018","France","Population on 1 January - total","66 918 941"
"2018","Croatia","Population on 1 January - total","4 105 493"
"2018","Italy","Population on 1 January - total","60 483 973"
"2018","Cyprus","Population on 1 January - total","864 236"
"2018","Latvia","Population on 1 January - total","1 934 379"
"2018","Lithuania","Population on 1 January - total","2 808 901"
"2018","Luxembourg","Population on 1 January - total","602 005"
"2018","Hungary","Population on 1 January - total","9 778 371"
"2018","Malta","Population on 1 January - total","475 701"
"2018","Netherlands","Population on 1 January - total","17 181 084"
"2018","Austria","Population on 1 January - total","8 822 267"
"2018","Poland","Population on 1 January - total","37 976 687"
"2018","Portugal","Population on 1 January - total","10 291 027"
"2018","Romania","Population on 1 January - total","19 530 631"
"2018","Slovenia","Population on 1 January - total","2 066 880"
"2018","Slovakia","Population on 1 January - total","5 443 120"
"2018","Finland","Population on 1 January - total","5 513 130"
"2018","Sweden","Population on 1 January - total","10 120 242"
"2018","United Kingdom","Population on 1 January - total","66 273 576"
"2018","Iceland","Population on 1 January - total","348 450"
"2018","Liechtenstein","Population on 1 January - total","38 114"
"2018","Norway","Population on 1 January - total","5 295 619"
"2018","Switzerland","Population on 1 January - total","8 484 130"
"2019","European Union - 27 countries (from 2020)","Population on 1 January - total","446 824 564"
"2019","European Union - 28 countries (2013-2020)","Population on 1 January - total","513 471 676"
"2019","Belgium","Population on 1 January - total","11 455 519"
"2019","Bulgaria","Population on 1 January - total","7 000 039"
"2019","Czechia","Population on 1 January - total","10 649 800"
"2019","Denmark","Population on 1 January - total","5 806 081"
"2019","Germany including former GDR","Population on 1 January - total","83 019 213"
"2019","Estonia","Population on 1 January - total","1 324 820"
"2019","Ireland","Population on 1 January - total","4 904 240"
"2019","Greece","Population on 1 January - total","10 724 599"
"2019","Spain","Population on 1 January - total","46 937 060"
"2019","France","Population on 1 January - total","67 012 883"
"2019","Croatia","Population on 1 January - total","4 076 246"
"2019","Italy","Population on 1 January - total","60 359 546"
"2019","Cyprus","Population on 1 January - total","875 899"
"2019","Latvia","Population on 1 January - total","1 919 968"
"2019","Lithuania","Population on 1 January - total","2 794 184"
"2019","Luxembourg","Population on 1 January - total","613 894"
"2019","Hungary","Population on 1 January - total","9 772 756"
"2019","Malta","Population on 1 January - total","493 559"
"2019","Netherlands","Population on 1 January - total","17 282 163"
"2019","Austria","Population on 1 January - total","8 858 775"
"2019","Poland","Population on 1 January - total","37 972 812"
"2019","Portugal","Population on 1 January - total","10 276 617"
"2019","Romania","Population on 1 January - total","19 414 458"
"2019","Slovenia","Population on 1 January - total","2 080 908"
"2019","Slovakia","Population on 1 January - total","5 450 421"
"2019","Finland","Population on 1 January - total","5 517 919"
"2019","Sweden","Population on 1 January - total","10 230 185"
"2019","United Kingdom","Population on 1 January - total","66 647 112"
"2019","Iceland","Population on 1 January - total","356 991"
"2019","Liechtenstein","Population on 1 January - total","38 378"
"2019","Norway","Population on 1 January - total","5 328 212"
"2019","Switzerland","Population on 1 January - total","8 544 527"
"2020","European Union - 27 countries (from 2020)","Population on 1 January - total","447 706 209"
"2020","European Union - 28 countries (2013-2020)","Population on 1 January - total",":"
"2020","Belgium","Population on 1 January - total","11 549 888"
"2020","Bulgaria","Population on 1 January - total","6 951 482"
"2020","Czechia","Population on 1 January - total","10 693 939"
"2020","Denmark","Population on 1 January - total","5 822 763"
"2020","Germany including former GDR","Population on 1 January - total","83 166 711"
"2020","Estonia","Population on 1 January - total","1 328 976"
"2020","Ireland","Population on 1 January - total","4 963 839"
"2020","Greece","Population on 1 January - total","10 709 739"
"2020","Spain","Population on 1 January - total","47 329 981"
"2020","France","Population on 1 January - total","67 098 824"
"2020","Croatia","Population on 1 January - total","4 058 165"
"2020","Italy","Population on 1 January - total","60 244 639"
"2020","Cyprus","Population on 1 January - total","888 005"
"2020","Latvia","Population on 1 January - total","1 907 675"
"2020","Lithuania","Population on 1 January - total","2 794 090"
"2020","Luxembourg","Population on 1 January - total","626 108"
"2020","Hungary","Population on 1 January - total","9 769 526"
"2020","Malta","Population on 1 January - total","514 564"
"2020","Netherlands","Population on 1 January - total","17 407 585"
"2020","Austria","Population on 1 January - total","8 901 064"
"2020","Poland","Population on 1 January - total","37 958 138"
"2020","Portugal","Population on 1 January - total","10 295 909"
"2020","Romania","Population on 1 January - total","19 317 984"
"2020","Slovenia","Population on 1 January - total","2 095 861"
"2020","Slovakia","Population on 1 January - total","5 457 873"
"2020","Finland","Population on 1 January - total","5 525 292"
"2020","Sweden","Population on 1 January - total","10 327 589"
"2020","United Kingdom","Population on 1 January - total","67 025 542"
"2020","Iceland","Population on 1 January - total","364 134"
"2020","Liechtenstein","Population on 1 January - total","38 748"
"2020","Norway","Population on 1 January - total","5 367 580"
"2020","Switzerland","Population on 1 January - total","8 606 033"
